pinch19.jpg,dirty,0.4598146677017212
pinch72.jpg,pinch,0.7059154510498047
pinch9.jpg,scratches,0.7192628979682922
pinch65.jpg,dirty,0.4051426351070404
pinch146.jpg,pit,0.3738226294517517
pinch160.jpg,dirty,0.7035996317863464
pinch103.jpg,scratches,0.6698298454284668
push9.jpg,pinch,0.4948939085006714
pinch119.jpg,scratches,0.5730615258216858
pinch157.jpg,dirty,0.5929131507873535
pinch126.jpg,dirty,0.9480301737785339
pinch180.jpg,dirty,0.3577592372894287
pinch41.jpg,toner,0.8471957445144653
pinch57.jpg,dirty,0.8714689612388611
pinch102.jpg,scratches,0.5688286423683167
pinch75.jpg,scratches,0.5226239562034607
pinch81.jpg,dirty,0.5492833256721497
pinch22.jpg,scratches,0.9240474104881287
pinch202.jpg,scratches,0.39728739857673645
pinch61.jpg,scratches,0.5845953822135925
scratches74.jpg,pinch,0.687009871006012
pinch59.jpg,dirty,0.48940470814704895
pinch221.jpg,pit,0.39307186007499695
pinch51.jpg,pinch,0.6722133159637451
pinch34.jpg,scratches,0.6581711769104004
pinch91.jpg,scratches,0.6198368072509766
push8.jpg,fold,0.35235387086868286
pinch117.jpg,pinch,0.5831801295280457
pinch55.jpg,pinch,0.6907139420509338
pinch194.jpg,scratches,0.6842584609985352
pinch139.jpg,pit,0.5773335695266724
pinch219.jpg,scratches,0.3164553642272949
pinch199.jpg,dirty,0.6147900223731995
scratches91.jpg,scratches,0.49970144033432007
pinch200.jpg,dirty,0.8936492800712585
pinch99.jpg,dirty,0.7232353687286377
pinch78.jpg,dirty,0.46068501472473145
pinch94.jpg,dirty,0.4534573256969452
push7.jpg,scratches,0.6466773748397827
pinch38.jpg,dirty,0.5176762342453003
pinch188.jpg,scratches,0.46176785230636597
pinch107.jpg,pit,0.47639548778533936
pinch161.jpg,scratches,0.6892295479774475
pinch25.jpg,scratches,0.8058472275733948
pinch143.jpg,dirty,0.49486592411994934
pinch106.jpg,toner,0.40364667773246765
pinch18.jpg,dirty,0.7232353687286377
pinch95.jpg,scratches,0.4634680151939392
pinch136.jpg,dirty,0.3914493918418884
pinch135.jpg,scratches,0.7346533536911011
pinch5.jpg,dirty,0.5773928165435791
pinch133.jpg,dirty,0.8185071349143982
pinch36.jpg,dirty,0.4598146677017212
push3.jpg,scratches,0.5763699412345886
pinch174.jpg,pit,0.5247400999069214
pinch120.jpg,dirty,0.9055001735687256
pinch155.jpg,pit,0.4474453926086426
pinch27.jpg,dirty,0.44578665494918823
pinch156.jpg,pinch,0.8773787617683411
pinch118.jpg,dirty,0.4911419451236725
pinch214.jpg,toner,0.44898274540901184
pinch203.jpg,pit,0.5986069440841675
pinch196.jpg,scratches,0.47140946984291077
pinch37.jpg,pit,0.7079101204872131
pinch45.jpg,dirty,0.8975982666015625
pinch21.jpg,scratches,0.7344684600830078
pinch169.jpg,dirty,0.44866475462913513
pinch67.jpg,pit,0.32233503460884094
pinch13.jpg,scratches,0.8474440574645996
pinch201.jpg,dirty,0.3736517131328583
pinch101.jpg,pit,0.5522812008857727
pinch187.jpg,pit,0.829297661781311
pinch150.jpg,scratches,0.6498985886573792
pinch98.jpg,dirty,0.7104958891868591
pinch110.jpg,dirty,0.6845903396606445
pinch4.jpg,dirty,0.7683122754096985
pinch88.jpg,pit,0.5008413791656494
pinch204.jpg,dirty,0.46184590458869934
pinch64.jpg,pit,0.4123992323875427
pinch35.jpg,dirty,0.7540462017059326
pinch220.jpg,pit,0.6750488877296448
pinch69.jpg,dirty,0.7005128264427185
pinch177.jpg,scratches,0.4700819253921509
push12.jpg,pinch,0.6228137612342834
pinch74.jpg,scratches,0.7209142446517944
pinch165.jpg,dirty,0.9807435870170593
pinch148.jpg,dirty,0.5552061200141907
pinch115.jpg,dirty,0.6799611449241638
pinch131.jpg,fold,0.5221253633499146
pinch16.jpg,scratches,0.7126840949058533
pinch171.jpg,scratches,0.5542975664138794
pinch182.jpg,pit,0.6770100593566895
pinch17.jpg,dirty,0.9416042566299438
pinch124.jpg,dirty,0.8208203911781311
pinch215.jpg,dirty,0.7232353687286377
pinch151.jpg,pit,0.49906831979751587
pinch85.jpg,scratches,0.8665250539779663
pinch93.jpg,dirty,0.5106726884841919
pinch71.jpg,dirty,0.9248959422111511
push16.jpg,pinch,0.861954391002655
pinch113.jpg,scratches,0.4845800995826721
pinch114.jpg,dirty,0.4534573256969452
pinch176.jpg,scratches,0.6645416617393494
pinch222.jpg,toner,0.5987012386322021
pinch100.jpg,pit,0.3878430426120758
pinch116.jpg,toner,0.4896544814109802
pinch216.jpg,toner,0.4090687036514282
pinch189.jpg,toner,0.3597586154937744
pinch48.jpg,scratches,0.6877140402793884
pinch184.jpg,scratches,0.3544105291366577
pinch111.jpg,pinch,0.5639081001281738
pinch112.jpg,scratches,0.4115568995475769
pinch205.jpg,scratches,0.9753833413124084
pinch181.jpg,scratches,0.8307113647460938
pinch23.jpg,scratches,0.9240474104881287
pinch167.jpg,scratches,0.7131314277648926
pinch198.jpg,pit,0.45984721183776855
pinch30.jpg,pinch,0.7668628692626953
pinch185.jpg,dirty,0.5078930258750916
push17.jpg,pinch,0.6550628542900085
pinch11.jpg,pit,0.49906831979751587
push18.jpg,scratches,0.7879666090011597
pinch211.jpg,scratches,0.7896360754966736
pinch123.jpg,dirty,0.43529635667800903
pinch172.jpg,pit,0.4310601055622101
pinch207.jpg,scratches,0.5046551823616028
pinch208.jpg,scratches,0.340626984834671
pinch192.jpg,dirty,0.8712438941001892
pinch97.jpg,scratches,0.40946799516677856
pit196.jpg,dirty,0.9399298429489136
pinch89.jpg,dirty,0.550142228603363
pinch218.jpg,pit,0.49338895082473755
pinch144.jpg,scratches,0.35060158371925354
pinch29.jpg,pit,0.6198304295539856
pinch127.jpg,pit,0.4863719046115875
pinch60.jpg,dirty,0.7795125246047974
pinch20.jpg,pit,0.5330341458320618
pinch73.jpg,scratches,0.5040395855903625
pinch213.jpg,scratches,0.7192628979682922
pinch145.jpg,pit,0.5986069440841675
pinch134.jpg,dirty,0.5176762342453003
pinch154.jpg,pit,0.7846680879592896
pinch140.jpg,pit,0.6674908399581909
pinch86.jpg,dirty,0.4654606878757477
pinch33.jpg,scratches,0.3945779800415039
push6.jpg,scratches,0.9657648205757141
pinch122.jpg,pinch,0.4255964457988739
pinch58.jpg,pit,0.5211310982704163
pinch15.jpg,pit,0.6419693827629089
pinch121.jpg,toner,0.801298975944519
pinch210.jpg,pinch,0.7177517414093018
pinch1.jpg,scratches,0.8395512700080872
pinch206.jpg,dirty,0.6246452927589417
pinch56.jpg,scratches,0.5891644358634949
push4.jpg,pinch,0.8859896063804626
pinch125.jpg,toner,0.5272598266601562
pinch217.jpg,dirty,0.6304700970649719
pinch141.jpg,dirty,0.8380643129348755
pinch6.jpg,pit,0.4903687536716461
pinch190.jpg,pinch,0.8940029740333557
pinch170.jpg,scratches,0.5006775856018066
pinch14.jpg,scratches,0.9581314921379089
pinch129.jpg,toner,0.5590019226074219
pinch82.jpg,dirty,0.5929131507873535
pinch195.jpg,dirty,0.49486592411994934
pinch223.jpg,dirty,0.456844687461853
pinch54.jpg,dirty,0.439499169588089
pinch31.jpg,dirty,0.48252102732658386
pinch43.jpg,scratches,0.5188480019569397
pinch108.jpg,scratches,0.7086766958236694
push15.jpg,scratches,0.9240474104881287
pit75.jpg,pit,0.5524725317955017
pinch28.jpg,pinch,0.9491857886314392
pinch7.jpg,scratches,0.4080900251865387
pinch183.jpg,dirty,0.8664426207542419
pinch53.jpg,dirty,0.7035996317863464
push2.jpg,pinch,0.8642551898956299
pinch153.jpg,scratches,0.7465238571166992
pinch193.jpg,dirty,0.9095430374145508
pinch179.jpg,pinch,0.4853728711605072
pinch76.jpg,pit,0.8364624977111816
pinch178.jpg,dirty,0.5292738676071167
pinch168.jpg,pit,0.7359290719032288
pinch3.jpg,pit,0.708863377571106
pinch162.jpg,pit,0.4526425004005432
pinch149.jpg,dirty,0.9731437563896179
pinch26.jpg,toner,0.49869486689567566
pinch68.jpg,scratches,0.8205927014350891
pinch159.jpg,scratches,0.7510031461715698
pinch84.jpg,dirty,0.9480301737785339
pinch105.jpg,pit,0.8686851859092712
pinch90.jpg,dirty,0.9099398255348206
pinch44.jpg,dirty,0.8936492800712585
pinch80.jpg,pit,0.735916256904602
pinch62.jpg,scratches,0.42339202761650085
pinch24.jpg,dirty,0.5491437911987305
pinch49.jpg,dirty,0.6779295206069946
pinch32.jpg,pit,0.6426985859870911
pinch173.jpg,pit,0.6419693827629089
pinch186.jpg,dirty,0.5992660522460938
pinch197.jpg,pit,0.800780177116394
pinch164.jpg,dirty,0.4534573256969452
pinch158.jpg,dirty,0.5309553742408752
push10.jpg,pinch,0.734958291053772
pinch92.jpg,dirty,0.9207218885421753
pinch152.jpg,dirty,0.382596880197525
push11.jpg,pinch,0.5136646032333374
pinch39.jpg,pit,0.509221613407135
pinch175.jpg,dirty,0.9480301737785339
pinch87.jpg,pit,0.4903687536716461
push1.jpg,pinch,0.9117209911346436
pinch163.jpg,pit,0.6763101816177368
pinch224.jpg,pit,0.7443995475769043
pinch40.jpg,scratches,0.7962698936462402
pinch191.jpg,dirty,0.9207218885421753
pinch109.jpg,scratches,0.3906356692314148
pinch47.jpg,dirty,0.8503615856170654
pinch212.jpg,pit,0.8691466450691223
pinch10.jpg,dirty,0.7418031692504883
pinch79.jpg,scratches,0.8230873346328735
pinch66.jpg,scratches,0.7116053104400635
push14.jpg,pinch,0.9402401447296143
pinch46.jpg,pinch,0.6625974178314209
pinch50.jpg,pit,0.49507102370262146
pinch104.jpg,pinch,0.48389777541160583
pinch132.jpg,dirty,0.7938836216926575
pinch96.jpg,scratches,0.8153117299079895
pinch2.jpg,pit,0.7403521537780762
push5.jpg,pinch,0.4775049388408661
pinch166.jpg,pit,0.8997569680213928
pinch12.jpg,dirty,0.8936492800712585
pinch8.jpg,pit,0.49338895082473755
pinch138.jpg,dirty,0.6780222058296204
pinch128.jpg,pinch,0.35121944546699524
pinch147.jpg,scratches,0.5027950406074524
pinch142.jpg,toner,0.3988032937049866
pinch52.jpg,dirty,0.7720039486885071
pinch137.jpg,pit,0.9128341674804688
pinch130.jpg,dirty,0.9416042566299438
pinch42.jpg,scratches,0.9318175315856934
damage7.jpg,damage,0.4503082036972046
damage3.jpg,damage,0.9905768632888794
damage13.jpg,damage,0.9901251792907715
damage2.jpg,damage,0.5421682000160217
damage12.jpg,damage,0.9279668927192688
damage11.jpg,damage,0.9743349552154541
damage4.jpg,damage,0.9796265959739685
damage5.jpg,damage,0.6396982073783875
damage15.jpg,damage,0.9901251792907715
damage8.jpg,pit,0.5907886624336243
damage10.jpg,pit,0.6210867166519165
damage16.jpg,damage,0.9901251792907715
damage9.jpg,pit,0.6210867166519165
damage14.jpg,damage,0.9901251792907715
damage6.jpg,damage,0.7789963483810425
damage1.jpg,damage,0.9905768632888794
pit551.jpg,pit,0.43061360716819763
pit377.jpg,pit,0.6947401165962219
pit297.jpg,toner,0.5139406323432922
pit82.jpg,pit,0.855421781539917
pit682.jpg,pit,0.9798889756202698
pit507.jpg,pit,0.6722285151481628
pit127.jpg,dirty,0.5324366688728333
pit631.jpg,pit,0.42724013328552246
pit441.jpg,pit,0.5148627161979675
pit195.jpg,pit,0.868409276008606
pit60.jpg,toner,0.4451836943626404
pit550.jpg,pit,0.5314396619796753
pit403.jpg,scratches,0.7361097931861877
pit404.jpg,pit,0.8388843536376953
pit621.jpg,scratches,0.5989628434181213
pit348.jpg,pit,0.5208919644355774
pit225.jpg,pit,0.40952837467193604
pit405.jpg,scratches,0.6454817056655884
pit338.jpg,pit,0.6135135889053345
pit203.jpg,pit,0.46881017088890076
pit587.jpg,dirty,0.5607429146766663
pit174.jpg,pit,0.4502834975719452
pit642.jpg,pit,0.9536226987838745
pit433.jpg,dirty,0.5169259905815125
pit672.jpg,pit,0.8747599124908447
pit704.jpg,dirty,0.4342423677444458
pit620.jpg,dirty,0.6225034594535828
pit442.jpg,pit,0.770051896572113
pit277.jpg,pit,0.7484086155891418
pit496.jpg,toner,0.5774882435798645
pit585.jpg,pit,0.5325689315795898
pit425.jpg,toner,0.7645828127861023
pit427.jpg,pit,0.8796228766441345
pit77.jpg,pit,0.7563720941543579
pit525.jpg,dirty,0.5392030477523804
pit72.jpg,pit,0.5435969829559326
pit191.jpg,pit,0.5979840755462646
pit606.jpg,pit,0.6039050221443176
pit589.jpg,pit,0.7928090691566467
pit9.jpg,pit,0.8446592092514038
pit39.jpg,pit,0.8623557090759277
pit477.jpg,pit,0.44516029953956604
pit334.jpg,dirty,0.5464193224906921
pit325.jpg,pit,0.8189696073532104
pit432.jpg,toner,0.38222581148147583
pit523.jpg,pit,0.7418026328086853
pit601.jpg,toner,0.6123444437980652
pit295.jpg,pit,0.9586282968521118
pit553.jpg,dirty,0.8334856629371643
pit33.jpg,pit,0.8616825342178345
pit307.jpg,pit,0.4945336878299713
pit584.jpg,pit,0.7787801027297974
pit505.jpg,pit,0.8216033577919006
pit108.jpg,pit,0.8634875416755676
pit577.jpg,pit,0.7309932708740234
pit240.jpg,toner,0.6654792428016663
pit32.jpg,pit,0.8678269386291504
pit173.jpg,pit,0.8058074116706848
pit460.jpg,pit,0.6240865588188171
pit218.jpg,pit,0.8652329444885254
pit362.jpg,pit,0.9833555817604065
pit155.jpg,pit,0.6277394890785217
pit208.jpg,dirty,0.7259466052055359
pit57.jpg,dirty,0.7500821948051453
pit413.jpg,toner,0.6445232033729553
pit238.jpg,pit,0.6295076012611389
pit122.jpg,dirty,0.7523475289344788
pit16.jpg,pit,0.6698286533355713
pit36.jpg,pit,0.590985119342804
pit424.jpg,pit,0.5457292199134827
pit654.jpg,dirty,0.4107784628868103
pit96.jpg,pit,0.5280159115791321
pit457.jpg,pit,0.5282112956047058
pit530.jpg,pit,0.4426383674144745
pit8.jpg,pit,0.882862389087677
pit186.jpg,toner,0.4067334830760956
pit685.jpg,pit,0.3133664131164551
pit549.jpg,pit,0.6846898794174194
pit11.jpg,pit,0.8368458151817322
pit711.jpg,pit,0.7871705889701843
pit376.jpg,pit,0.916664719581604
pit271.jpg,pit,0.5397567749023438
pit613.jpg,pit,0.8978923559188843
pit336.jpg,pit,0.8401517868041992
pit331.jpg,dirty,0.6882939338684082
pit350.jpg,pit,0.6981020569801331
pit327.jpg,pit,0.9202221632003784
pit648.jpg,pit,0.894304096698761
pit423.jpg,pit,0.6817127466201782
pit358.jpg,pit,0.6271649599075317
pit440.jpg,pit,0.6723684668540955
pit456.jpg,pit,0.9042811989784241
pit582.jpg,pit,0.5767694115638733
pit431.jpg,pit,0.8871155381202698
pit500.jpg,pit,0.5534665584564209
pit548.jpg,pit,0.7835754156112671
pit624.jpg,pit,0.9594355821609497
pit701.jpg,pit,0.8989233374595642
pit480.jpg,pit,0.47212231159210205
pit106.jpg,pit,0.9703122973442078
pit694.jpg,pit,0.6434382200241089
pit539.jpg,pit,0.9335569143295288
pit287.jpg,pit,0.6468667387962341
pit250.jpg,pit,0.7628966569900513
pit467.jpg,pit,0.9321973323822021
pit451.jpg,pit,0.9083188772201538
pit18.jpg,pit,0.4777299463748932
pit146.jpg,pit,0.6431312561035156
pit319.jpg,dirty,0.540477454662323
pit532.jpg,pit,0.5821805596351624
pit393.jpg,dirty,0.40655261278152466
pit216.jpg,pit,0.9070081114768982
pit252.jpg,pit,0.8673393726348877
pit323.jpg,pit,0.42751261591911316
pit152.jpg,pit,0.9594517946243286
pit239.jpg,pit,0.8696396946907043
pit236.jpg,pit,0.8715175986289978
pit347.jpg,pit,0.7588120698928833
pit668.jpg,pit,0.858089029788971
pit709.jpg,pit,0.5540270805358887
pit658.jpg,pit,0.6145163774490356
pit275.jpg,pit,0.8231484889984131
pit102.jpg,pit,0.3183134198188782
pit502.jpg,pit,0.4730675518512726
pit616.jpg,pit,0.8581527471542358
pit677.jpg,pit,0.819040834903717
pit316.jpg,pit,0.7503458261489868
pit378.jpg,toner,0.3045075833797455
pit262.jpg,pit,0.8692352771759033
pit340.jpg,toner,0.4737005829811096
pit398.jpg,toner,0.41470688581466675
pit604.jpg,pit,0.815767228603363
pit352.jpg,toner,0.3748795688152313
pit636.jpg,pit,0.9203792214393616
pit253.jpg,pit,0.390875905752182
pit62.jpg,pit,0.520235002040863
pit561.jpg,dirty,0.6657474637031555
pit342.jpg,pit,0.7729892134666443
pit345.jpg,pit,0.8988379240036011
pit51.jpg,pit,0.9507878422737122
pit2.jpg,pit,0.5712003707885742
pit588.jpg,pit,0.8547748923301697
pit686.jpg,pit,0.6614474058151245
pit674.jpg,dirty,0.5381438732147217
pit364.jpg,pit,0.9370149970054626
pit335.jpg,pit,0.8265437483787537
pit397.jpg,pit,0.9506117701530457
pit446.jpg,toner,0.4492996633052826
pit148.jpg,pit,0.6401126384735107
pit355.jpg,pit,0.8036417365074158
pit261.jpg,pit,0.988625168800354
pit421.jpg,pit,0.9360063672065735
pit215.jpg,pit,0.930580198764801
pit117.jpg,pit,0.922033965587616
pit565.jpg,pit,0.7702849507331848
pit392.jpg,pit,0.6685521602630615
pit101.jpg,pit,0.7880417108535767
pit462.jpg,pit,0.8010759949684143
pit10.jpg,pit,0.7813542485237122
pit684.jpg,toner,0.7516734600067139
pit81.jpg,pit,0.8047837018966675
pit44.jpg,dirty,0.8376799821853638
pit445.jpg,pit,0.9460806846618652
pit605.jpg,pit,0.9493805766105652
pit248.jpg,dirty,0.8610292673110962
pit95.jpg,pit,0.967125415802002
pit23.jpg,pit,0.6886498928070068
pit61.jpg,toner,0.8094872832298279
pit121.jpg,toner,0.483132928609848
pit382.jpg,pit,0.4801997244358063
pit20.jpg,pit,0.9637319445610046
pit416.jpg,dirty,0.4164600074291229
pit112.jpg,pit,0.9061715602874756
pit192.jpg,pit,0.9786542057991028
pit258.jpg,pit,0.8110759258270264
pit572.jpg,pit,0.889385461807251
pit305.jpg,pit,0.557434618473053
pit149.jpg,pit,0.7710416913032532
pit333.jpg,dirty,0.5406219959259033
pit475.jpg,dirty,0.7978051900863647
pit708.jpg,pit,0.9888334274291992
pit290.jpg,pit,0.5996652245521545
pit265.jpg,dirty,0.39681196212768555
pit568.jpg,pit,0.586042582988739
pit578.jpg,pit,0.7345383167266846
pit555.jpg,pit,0.5100558400154114
pit673.jpg,pit,0.38368454575538635
pit580.jpg,pit,0.3918560743331909
pit545.jpg,pit,0.9331806302070618
pit528.jpg,pit,0.9515714049339294
pit706.jpg,pit,0.717774510383606
pit401.jpg,pit,0.7944664359092712
pit289.jpg,toner,0.6273602843284607
pit243.jpg,pit,0.5693374872207642
pit211.jpg,pit,0.689286470413208
pit180.jpg,pit,0.5593110918998718
pit166.jpg,toner,0.7266201972961426
pit249.jpg,pit,0.8069353103637695
pit380.jpg,pit,0.6264312267303467
pit428.jpg,pit,0.6888406872749329
pit107.jpg,pit,0.7116192579269409
pit570.jpg,pit,0.35915735363960266
pit324.jpg,dirty,0.7848255038261414
pit41.jpg,dirty,0.7414652705192566
pit426.jpg,dirty,0.4659113585948944
pit189.jpg,pit,0.973028838634491
pit281.jpg,pit,0.47194504737854004
pit278.jpg,pit,0.8516784906387329
pit389.jpg,dirty,0.6346537470817566
pit93.jpg,pit,0.9074288606643677
pit365.jpg,pit,0.8707641959190369
pit133.jpg,pit,0.5583511590957642
pit628.jpg,dirty,0.4435209631919861
pit627.jpg,pit,0.9841375350952148
pit227.jpg,pit,0.6089050769805908
pit510.jpg,toner,0.367031067609787
pit439.jpg,pit,0.9150826930999756
pit437.jpg,pit,0.4428775906562805
pit137.jpg,pit,0.7914056777954102
pit562.jpg,pit,0.4349881112575531
pit159.jpg,pit,0.7620134949684143
pit531.jpg,pit,0.8203757405281067
pit371.jpg,pit,0.6293520927429199
pit161.jpg,dirty,0.4822889566421509
pit406.jpg,pit,0.994242250919342
pit311.jpg,toner,0.5277053713798523
pit360.jpg,pit,0.5574222803115845
pit144.jpg,toner,0.4089738130569458
pit497.jpg,pit,0.7222434878349304
pit233.jpg,pit,0.5490480065345764
pit199.jpg,pit,0.8632724285125732
pit40.jpg,pit,0.6397401690483093
pit29.jpg,dirty,0.5335820913314819
pit650.jpg,toner,0.6815950274467468
pit235.jpg,toner,0.48330995440483093
pit52.jpg,pit,0.945235013961792
pit176.jpg,pit,0.5110442638397217
pit132.jpg,pit,0.4760674834251404
pit481.jpg,pit,0.9273419380187988
pit43.jpg,pit,0.6747758388519287
pit314.jpg,pit,0.8709828853607178
pit276.jpg,pit,0.4377877116203308
pit288.jpg,pit,0.9732843041419983
pit402.jpg,pit,0.6137865781784058
pit473.jpg,pit,0.9717856049537659
pit697.jpg,dirty,0.7667043209075928
pit90.jpg,dirty,0.765936017036438
pit396.jpg,pit,0.5514435768127441
pit181.jpg,pit,0.7611498236656189
pit513.jpg,scratches,0.3554533123970032
pit521.jpg,pit,0.7731533646583557
pit419.jpg,pit,0.9741649031639099
pit274.jpg,pit,0.8424924612045288
pit410.jpg,pit,0.8086493611335754
pit501.jpg,pit,0.349337100982666
pit91.jpg,pit,0.7001983523368835
pit12.jpg,dirty,0.6788631677627563
pit28.jpg,scratches,0.6443775296211243
pit68.jpg,pit,0.669632077217102
pit80.jpg,pit,0.9009727835655212
pit141.jpg,dirty,0.3375718295574188
pit142.jpg,pit,0.6868852376937866
pit608.jpg,pit,0.5669930577278137
pit646.jpg,pit,0.6699185371398926
pit263.jpg,pit,0.8172452449798584
pit230.jpg,pit,0.5111858248710632
pit514.jpg,pit,0.8123156428337097
pit691.jpg,pit,0.8935222029685974
pit185.jpg,pit,0.5734103322029114
pit129.jpg,toner,0.4316658079624176
pit22.jpg,pit,0.6978461146354675
pit213.jpg,toner,0.517127275466919
pit506.jpg,pit,0.9551671147346497
pit24.jpg,dirty,0.8281093835830688
pit491.jpg,pit,0.869592547416687
pit70.jpg,pit,0.9227622151374817
pit370.jpg,toner,0.5513145923614502
pit270.jpg,pit,0.7172884345054626
pit622.jpg,pit,0.500895082950592
pit124.jpg,pit,0.6793741583824158
pit31.jpg,pit,0.8702496886253357
pit177.jpg,pit,0.536030650138855
pit309.jpg,pit,0.8838913440704346
pit130.jpg,pit,0.711026132106781
pit651.jpg,pit,0.7597337961196899
pit217.jpg,toner,0.7768075466156006
pit172.jpg,pit,0.6511762142181396
pit6.jpg,pit,0.9880355000495911
pit94.jpg,pit,0.9538562893867493
pit188.jpg,toner,0.5826455354690552
pit346.jpg,pit,0.7075993418693542
pit610.jpg,pit,0.8670659065246582
pit554.jpg,dirty,0.6137266159057617
pit383.jpg,pit,0.8330188989639282
pit34.jpg,pit,0.8156943321228027
pit603.jpg,pit,0.9811367988586426
pit65.jpg,pit,0.9754661321640015
pit671.jpg,dirty,0.6109051704406738
pit85.jpg,dirty,0.5568862557411194
pit493.jpg,pit,0.920136034488678
pit399.jpg,pit,0.6151111721992493
pit86.jpg,pit,0.7825227379798889
pit463.jpg,pit,0.5438339710235596
pit374.jpg,dirty,0.6740790605545044
pit19.jpg,pit,0.9516909122467041
pit517.jpg,pit,0.6539031267166138
pit73.jpg,pit,0.47070255875587463
pit116.jpg,pit,0.4244020879268646
pit126.jpg,pit,0.6282925009727478
pit484.jpg,pit,0.7995928525924683
pit332.jpg,pit,0.9822580814361572
pit165.jpg,pit,0.825921893119812
pit254.jpg,pit,0.9950757622718811
pit461.jpg,dirty,0.38760170340538025
pit490.jpg,pit,0.9442726969718933
pit679.jpg,pit,0.5456036925315857
pit634.jpg,pit,0.5824188590049744
pit200.jpg,toner,0.5897248387336731
pit168.jpg,pit,0.6545370817184448
pit182.jpg,toner,0.3490395247936249
pit187.jpg,pit,0.49342551827430725
pit372.jpg,dirty,0.3840141296386719
pit576.jpg,pit,0.8973869681358337
pit394.jpg,pit,0.5838661789894104
pit485.jpg,pit,0.7960567474365234
pit294.jpg,pit,0.984473466873169
pit552.jpg,dirty,0.5160457491874695
pit516.jpg,pit,0.6382157206535339
pit164.jpg,pit,0.6171518564224243
pit113.jpg,pit,0.7542322874069214
pit197.jpg,pit,0.9959520101547241
pit612.jpg,pit,0.948031485080719
pit600.jpg,pit,0.8289265036582947
pit508.jpg,dirty,0.6108419299125671
pit206.jpg,pit,0.4796816408634186
pit38.jpg,pit,0.5648619532585144
pit293.jpg,pit,0.8832071423530579
pit83.jpg,pit,0.987106204032898
pit354.jpg,pit,0.8252342939376831
pit454.jpg,pit,0.5214861631393433
pit157.jpg,pit,0.832219660282135
pit241.jpg,pit,0.9372523427009583
pit504.jpg,pit,0.9398370981216431
pit220.jpg,pit,0.6137694120407104
pit469.jpg,pit,0.8132357597351074
pit417.jpg,scratches,0.8541975617408752
pit593.jpg,pit,0.3893943428993225
pit418.jpg,pit,0.9721812605857849
pit79.jpg,pit,0.8932830691337585
pit476.jpg,pit,0.8939201831817627
pit162.jpg,pit,0.5751184225082397
pit641.jpg,dirty,0.6186693906784058
pit629.jpg,pit,0.9401689767837524
pit304.jpg,pit,0.6254390478134155
pit134.jpg,pit,0.8989112377166748
pit303.jpg,dirty,0.49554795026779175
pit35.jpg,pit,0.5612607002258301
pit210.jpg,toner,0.6189376711845398
pit448.jpg,pit,0.8359166383743286
pit564.jpg,scratches,0.5030429363250732
pit292.jpg,pit,0.8619611859321594
pit443.jpg,pit,0.9735674858093262
pit699.jpg,pit,0.49963632225990295
pit337.jpg,toner,0.6259747743606567
pit320.jpg,scratches,0.5244247317314148
pit688.jpg,toner,0.7917163372039795
pit151.jpg,pit,0.840943455696106
pit369.jpg,pit,0.5921071171760559
pit663.jpg,toner,0.38072600960731506
pit286.jpg,pit,0.6521375179290771
dirty110.jpg,toner,0.6321194767951965
pit318.jpg,pit,0.9229755401611328
pit7.jpg,pit,0.7580809593200684
pit212.jpg,pit,0.5559713244438171
pit483.jpg,pit,0.7674398422241211
pit299.jpg,pit,0.747398853302002
pit56.jpg,pit,0.7772056460380554
pit71.jpg,pit,0.5624719262123108
pit92.jpg,pit,0.852742075920105
pit583.jpg,toner,0.3660964071750641
pit368.jpg,pit,0.7903968095779419
pit266.jpg,pit,0.6306969523429871
pit110.jpg,pit,0.8477506637573242
pit353.jpg,pit,0.7736470699310303
pit321.jpg,pit,0.5278735160827637
pit597.jpg,pit,0.4246995151042938
pit330.jpg,toner,0.8301330208778381
pit361.jpg,dirty,0.4499627947807312
pit698.jpg,pit,0.5873983502388
pit310.jpg,pit,0.6921504735946655
pit179.jpg,toner,0.44991183280944824
pit264.jpg,pit,0.9267232418060303
pit498.jpg,dirty,0.6226746439933777
pit224.jpg,pit,0.5364170670509338
pit105.jpg,pit,0.9933052659034729
pit375.jpg,dirty,0.9405155777931213
pit693.jpg,pit,0.4735175669193268
pit488.jpg,toner,0.3944743871688843
pit169.jpg,pit,0.9525392055511475
pit104.jpg,dirty,0.5533210039138794
pit328.jpg,pit,0.990713357925415
pit269.jpg,pit,0.40542373061180115
pit313.jpg,dirty,0.5869674682617188
pit351.jpg,pit,0.5795366764068604
pit470.jpg,pit,0.6561932563781738
pit464.jpg,pit,0.8738723993301392
pit590.jpg,pit,0.6175671219825745
pit540.jpg,toner,0.48405805230140686
pit566.jpg,dirty,0.43515846133232117
pit535.jpg,pit,0.4913618564605713
pit367.jpg,pit,0.6223744750022888
pit99.jpg,pit,0.9441295266151428
pit246.jpg,pit,0.9775435328483582
pit154.jpg,toner,0.6782838702201843
pit373.jpg,pit,0.6843235492706299
pit452.jpg,pit,0.5757795572280884
pit251.jpg,toner,0.6671908497810364
pit37.jpg,pit,0.43690893054008484
pit363.jpg,dirty,0.541424572467804
pit633.jpg,pit,0.5578349828720093
pit207.jpg,pit,0.862404465675354
pit315.jpg,pit,0.9029633402824402
pit59.jpg,dirty,0.5075699687004089
pit3.jpg,pit,0.466562956571579
pit527.jpg,pit,0.6428638100624084
pit260.jpg,dirty,0.8862591981887817
pit184.jpg,pit,0.8957474827766418
pit301.jpg,dirty,0.7030287981033325
pit447.jpg,scratches,0.6459447741508484
pit222.jpg,pit,0.8801977038383484
pit111.jpg,toner,0.7021393179893494
pit436.jpg,pit,0.5105553269386292
pit27.jpg,pit,0.7211653590202332
pit479.jpg,pit,0.7907309532165527
pit615.jpg,pit,0.9645550847053528
pit229.jpg,toner,0.7769958972930908
pit543.jpg,toner,0.6868398189544678
pit66.jpg,pit,0.8843913078308105
pit655.jpg,pit,0.9874375462532043
pit89.jpg,dirty,0.3614598214626312
pit537.jpg,toner,0.7846620678901672
pit74.jpg,pit,0.8535268902778625
pit695.jpg,toner,0.5886231660842896
pit302.jpg,pit,0.7847865223884583
pit190.jpg,pit,0.9114315509796143
pit234.jpg,pit,0.6025739312171936
pit13.jpg,pit,0.5729308724403381
pit357.jpg,pit,0.7687882781028748
pit349.jpg,scratches,0.7194580435752869
pit109.jpg,pit,0.7568045258522034
pit571.jpg,pit,0.5739436149597168
pit115.jpg,pit,0.8066217303276062
pit118.jpg,dirty,0.8686033487319946
pit344.jpg,pit,0.996335506439209
pit487.jpg,pit,0.9178856015205383
pit308.jpg,pit,0.6990947723388672
pit700.jpg,pit,0.9109430909156799
pit659.jpg,pit,0.9579142928123474
pit386.jpg,pit,0.7395638227462769
pit145.jpg,toner,0.5125531554222107
pit201.jpg,pit,0.8381292223930359
pit420.jpg,pit,0.700452983379364
pit55.jpg,pit,0.7875993251800537
pit666.jpg,pit,0.7237852215766907
pit509.jpg,toner,0.7016735672950745
pit64.jpg,pit,0.9491623044013977
pit237.jpg,pit,0.5908737182617188
pit529.jpg,pit,0.942390501499176
pit283.jpg,pit,0.9301711320877075
pit329.jpg,pit,0.9748154878616333
pit298.jpg,pit,0.6653043031692505
pit656.jpg,pit,0.8536196351051331
pit667.jpg,dirty,0.8185834288597107
pit15.jpg,pit,0.9142482280731201
pit409.jpg,pit,0.6101844906806946
pit411.jpg,pit,0.8186420798301697
pit499.jpg,pit,0.8488467931747437
pit575.jpg,pit,0.48993098735809326
pit119.jpg,pit,0.7354005575180054
pit662.jpg,toner,0.3427366316318512
pit231.jpg,pit,0.9764851331710815
pit214.jpg,dirty,0.7703295946121216
pit204.jpg,pit,0.7877784967422485
pit602.jpg,pit,0.9757992029190063
pit300.jpg,toner,0.5964924693107605
pit690.jpg,pit,0.9224351048469543
pit103.jpg,pit,0.9395496845245361
pit478.jpg,scratches,0.7224523425102234
pit522.jpg,pit,0.9665487408638
pit492.jpg,pit,0.9087077975273132
pit267.jpg,pit,0.863713800907135
pit255.jpg,pit,0.8859566450119019
pit135.jpg,pit,0.9221718311309814
pit520.jpg,toner,0.7249531149864197
pit282.jpg,pit,0.5217719078063965
pit359.jpg,pit,0.8161190748214722
pit524.jpg,toner,0.47505873441696167
dirty96.jpg,pit,0.5765818357467651
pit538.jpg,dirty,0.4489404559135437
pit703.jpg,pit,0.9830754995346069
pit414.jpg,pit,0.49054455757141113
pit676.jpg,pit,0.660514235496521
pit296.jpg,pit,0.4567435681819916
pit280.jpg,pit,0.6068140268325806
pit25.jpg,pit,0.5936650633811951
pit53.jpg,pit,0.899005115032196
pit547.jpg,pit,0.8232495188713074
pit194.jpg,pit,0.580592930316925
pit178.jpg,pit,0.7385817766189575
pit209.jpg,pit,0.503303050994873
pit519.jpg,pit,0.8724367618560791
pit645.jpg,pit,0.8746143579483032
pit193.jpg,pit,0.7359718084335327
pit45.jpg,pit,0.9687373042106628
pit366.jpg,pit,0.7431215047836304
pit449.jpg,pit,0.7477886080741882
pit244.jpg,pit,0.9597429037094116
pit471.jpg,pit,0.4659408926963806
pit67.jpg,pit,0.4126717746257782
pit143.jpg,dirty,0.4270721673965454
pit183.jpg,pit,0.960161030292511
pit637.jpg,pit,0.9759504199028015
pit489.jpg,pit,0.5879715085029602
pit675.jpg,dirty,0.5516030192375183
pit422.jpg,toner,0.3097544312477112
pit689.jpg,toner,0.5142777562141418
pit586.jpg,pit,0.858379602432251
pit541.jpg,pit,0.8894334435462952
pit623.jpg,dirty,0.7576457858085632
pit632.jpg,pit,0.9769073724746704
pit256.jpg,toner,0.6394058465957642
pit599.jpg,pit,0.9024845957756042
pit139.jpg,pit,0.49490639567375183
pit285.jpg,pit,0.9250491261482239
pit69.jpg,pit,0.6917300820350647
pit63.jpg,pit,0.8735511898994446
pit322.jpg,pit,0.6399372816085815
pit391.jpg,pit,0.9893191456794739
pit128.jpg,toner,0.7865829467773438
pit635.jpg,pit,0.9002044200897217
pit136.jpg,pit,0.6928468942642212
pit88.jpg,pit,0.9379136562347412
pit400.jpg,pit,0.4738673269748688
pit138.jpg,pit,0.45777416229248047
pit158.jpg,pit,0.8191765546798706
pit450.jpg,pit,0.8246764540672302
pit563.jpg,pit,0.5431075096130371
pit482.jpg,pit,0.619383692741394
pit317.jpg,pit,0.5723228454589844
pit78.jpg,pit,0.8641474843025208
pit678.jpg,pit,0.9819964170455933
pit661.jpg,pit,0.6029682755470276
pit14.jpg,pit,0.6706477999687195
pit131.jpg,toner,0.3221842348575592
pit438.jpg,pit,0.938581645488739
pit649.jpg,pit,0.7614601850509644
pit221.jpg,pit,0.8133912682533264
pit518.jpg,pit,0.8706405758857727
pit153.jpg,pit,0.8586735129356384
pit626.jpg,scratches,0.6498866081237793
pit625.jpg,pit,0.4843219220638275
pit120.jpg,pit,0.9973790645599365
pit511.jpg,pit,0.8610546588897705
pit395.jpg,pit,0.924509584903717
pit455.jpg,pit,0.6200065612792969
pit647.jpg,pit,0.578525722026825
pit407.jpg,pit,0.7314921617507935
pit495.jpg,pit,0.9246010184288025
pit98.jpg,pit,0.9134348034858704
pit683.jpg,pit,0.7613345980644226
pit408.jpg,pit,0.9772952795028687
pit381.jpg,pit,0.9833670854568481
pit385.jpg,toner,0.48597124218940735
pit50.jpg,pit,0.5667570233345032
pit268.jpg,pit,0.7922043204307556
pit58.jpg,scratches,0.8037244081497192
pit87.jpg,toner,0.5781121850013733
pit47.jpg,pit,0.9268513321876526
pit639.jpg,dirty,0.3891712427139282
pit702.jpg,pit,0.6602568626403809
pit670.jpg,pit,0.9591420292854309
pit1.jpg,pit,0.5426400899887085
pit567.jpg,pit,0.442206472158432
pit226.jpg,pit,0.9288581609725952
pit388.jpg,pit,0.7417870759963989
pit657.jpg,pit,0.5552513599395752
pit542.jpg,toner,0.7766246795654297
pit48.jpg,dirty,0.7137666940689087
pit259.jpg,pit,0.6380420327186584
pit100.jpg,pit,0.7804420590400696
pit710.jpg,dirty,0.6041853427886963
pit536.jpg,pit,0.7533883452415466
pit630.jpg,toner,0.49800267815589905
pit592.jpg,pit,0.512896716594696
pit619.jpg,pit,0.681599497795105
pit171.jpg,dirty,0.6400130987167358
pit435.jpg,pit,0.5642539858818054
pit257.jpg,pit,0.8821569681167603
pit123.jpg,pit,0.5956070423126221
pit387.jpg,pit,0.9062477350234985
pit114.jpg,pit,0.4807911217212677
pit512.jpg,pit,0.8678672909736633
pit242.jpg,pit,0.6682344675064087
pit534.jpg,pit,0.7255050539970398
pit544.jpg,pit,0.5192302465438843
pit652.jpg,dirty,0.4152425229549408
pit279.jpg,toner,0.6778624057769775
pit97.jpg,pit,0.9179628491401672
pit611.jpg,pit,0.9191531538963318
pit638.jpg,pit,0.7708805203437805
pit472.jpg,dirty,0.5054850578308105
pit150.jpg,pit,0.8050857782363892
pit696.jpg,pit,0.4848145842552185
pit356.jpg,toner,0.6065484881401062
pit569.jpg,pit,0.9437429308891296
pit167.jpg,dirty,0.5122058987617493
pit434.jpg,pit,0.6611345410346985
pit205.jpg,pit,0.6238929033279419
toner51.jpg,pit,0.38273102045059204
pit596.jpg,pit,0.7780782580375671
pit26.jpg,pit,0.5888228416442871
pit312.jpg,pit,0.922216534614563
pit429.jpg,pit,0.5495279431343079
pit687.jpg,pit,0.6622314453125
pit707.jpg,pit,0.8909211754798889
pit664.jpg,pit,0.8996366262435913
pit617.jpg,pit,0.5639271140098572
pit343.jpg,toner,0.589176595211029
pit46.jpg,toner,0.4919551610946655
pit466.jpg,pit,0.6679214835166931
pit175.jpg,pit,0.8823465704917908
pit21.jpg,pit,0.7228097319602966
pit618.jpg,toner,0.3445735275745392
pit384.jpg,pit,0.9417830109596252
pit415.jpg,pit,0.9868000745773315
pit219.jpg,pit,0.9940841794013977
pit156.jpg,pit,0.6118390560150146
pit556.jpg,pit,0.7897325158119202
pit503.jpg,toner,0.5348581075668335
pit202.jpg,pit,0.7286405563354492
pit680.jpg,pit,0.8591907024383545
pit515.jpg,pit,0.8992059826850891
pit49.jpg,pit,0.7572439908981323
pit228.jpg,pit,0.9710620641708374
pit595.jpg,pit,0.42783233523368835
pit594.jpg,toner,0.4676920175552368
pit692.jpg,pit,0.6870489120483398
pit468.jpg,toner,0.4020359218120575
pit474.jpg,pit,0.6870290040969849
pit705.jpg,dirty,0.47348111867904663
pit669.jpg,pit,0.6686195731163025
pit609.jpg,pit,0.723730742931366
pit147.jpg,toner,0.5369027853012085
pit339.jpg,pit,0.9700300097465515
pit453.jpg,pit,0.784633457660675
pit644.jpg,pit,0.7150885462760925
pit459.jpg,pit,0.4603293836116791
pit247.jpg,pit,0.929966151714325
pit412.jpg,dirty,0.5441984534263611
pit140.jpg,pit,0.8196807503700256
pit526.jpg,toner,0.5167362689971924
pit486.jpg,pit,0.9599860906600952
pit223.jpg,pit,0.9883643388748169
pit681.jpg,pit,0.9806953072547913
pit198.jpg,toner,0.4879841208457947
pit607.jpg,toner,0.8691778779029846
pit30.jpg,dirty,0.36405980587005615
pit559.jpg,pit,0.7891011238098145
pit640.jpg,pit,0.985714852809906
pit76.jpg,dirty,0.44713205099105835
pit341.jpg,pit,0.9516804218292236
pit125.jpg,pit,0.9384893178939819
pit232.jpg,pit,0.49022582173347473
pit660.jpg,dirty,0.8637078404426575
pit42.jpg,pit,0.7668491005897522
pit272.jpg,pit,0.9251292943954468
pit573.jpg,pit,0.6579300165176392
pit430.jpg,pit,0.9031626582145691
pit653.jpg,dirty,0.5621502995491028
pit458.jpg,pit,0.49025723338127136
pit326.jpg,pit,0.561240017414093
pit581.jpg,pit,0.9662674069404602
pit614.jpg,pit,0.751867413520813
pit598.jpg,pit,0.9051840901374817
pit5.jpg,toner,0.5175095796585083
pit306.jpg,pit,0.4882185459136963
pit84.jpg,pit,0.9493757486343384
pit444.jpg,dirty,0.5098481178283691
pit557.jpg,pit,0.8760520815849304
pit54.jpg,pit,0.9750295281410217
pit643.jpg,pit,0.5030641555786133
pit558.jpg,pit,0.48617300391197205
pit494.jpg,toner,0.5837094187736511
pit465.jpg,pit,0.7591552138328552
pit17.jpg,pit,0.6015977263450623
pit291.jpg,pit,0.5768074989318848
pit160.jpg,pit,0.8319639563560486
pit379.jpg,pit,0.7671948075294495
pit546.jpg,pit,0.6899017691612244
pit273.jpg,pit,0.38153275847435
pit390.jpg,pit,0.8185916543006897
pit560.jpg,pit,0.570456862449646
pit284.jpg,pit,0.9477670788764954
scratches62.jpg,scratches,0.8559221625328064
scratches78.jpg,scratches,0.5785006880760193
scratches67.jpg,scratches,0.5690287351608276
scratches44.jpg,toner,0.623991072177887
scratches4.jpg,toner,0.7191001772880554
scratches45.jpg,scratches,0.5195323824882507
pinch77.jpg,scratches,0.44550496339797974
scratches15.jpg,scratches,0.9374847412109375
scratches79.jpg,toner,0.568070650100708
scratches100.jpg,scratches,0.7793048620223999
scratches38.jpg,scratches,0.9562971591949463
scratches24.jpg,scratches,0.8231716156005859
scratches1.jpg,scratches,0.4502813220024109
scratches18.jpg,dirty,0.5085752010345459
scratches26.jpg,scratches,0.9119259715080261
scratches98.jpg,scratches,0.7793009877204895
scratches52.jpg,scratches,0.7952693104743958
scratches89.jpg,scratches,0.7886990904808044
pit533.jpg,scratches,0.47290870547294617
scratches53.jpg,scratches,0.932881236076355
scratches94.jpg,scratches,0.9438702464103699
scratches48.jpg,scratches,0.8981006145477295
scratches43.jpg,scratches,0.8393343687057495
scratches5.jpg,toner,0.40756887197494507
scratches96.jpg,dirty,0.7461251020431519
scratches28.jpg,pit,0.807563841342926
scratches76.jpg,scratches,0.6198205947875977
scratches82.jpg,scratches,0.89922696352005
scratches49.jpg,scratches,0.716491162776947
scratches55.jpg,scratches,0.8777098059654236
scratches86.jpg,scratches,0.8110591769218445
scratches16.jpg,scratches,0.8753242492675781
scratches61.jpg,scratches,0.9499667286872864
scratches3.jpg,scratches,0.9895357489585876
scratches42.jpg,scratches,0.978335976600647
scratches29.jpg,pit,0.6837384700775146
scratches13.jpg,dirty,0.9477729797363281
scratches10.jpg,scratches,0.9768423438072205
scratches12.jpg,scratches,0.48294001817703247
scratches83.jpg,toner,0.5850479602813721
scratches66.jpg,scratches,0.7455621361732483
scratches8.jpg,scratches,0.9595917463302612
scratches37.jpg,scratches,0.9479836821556091
scratches93.jpg,scratches,0.9316624999046326
scratches75.jpg,scratches,0.4063945710659027
scratches30.jpg,scratches,0.5375580191612244
scratches71.jpg,scratches,0.9401305317878723
scratches95.jpg,toner,0.5272184610366821
scratches41.jpg,scratches,0.7934611439704895
scratches36.jpg,toner,0.6191434264183044
scratches27.jpg,scratches,0.4910852313041687
scratches85.jpg,dirty,0.7903533577919006
scratches65.jpg,scratches,0.5275796055793762
scratches33.jpg,scratches,0.5178089141845703
scratches2.jpg,scratches,0.44535085558891296
scratches69.jpg,scratches,0.9805358648300171
scratches40.jpg,scratches,0.5939277410507202
scratches31.jpg,scratches,0.8162269592285156
scratches32.jpg,toner,0.7302887439727783
scratches7.jpg,dirty,0.8257002234458923
scratches39.jpg,dirty,0.8320566415786743
scratches19.jpg,toner,0.9003317356109619
scratches58.jpg,scratches,0.8942626118659973
scratches46.jpg,scratches,0.8020837306976318
scratches73.jpg,dirty,0.42790356278419495
scratches64.jpg,scratches,0.9496396780014038
scratches63.jpg,dirty,0.8089236617088318
scratches50.jpg,toner,0.5119501352310181
dirty17.jpg,dirty,0.7977772355079651
scratches34.jpg,scratches,0.675812840461731
scratches56.jpg,scratches,0.8827916979789734
scratches77.jpg,scratches,0.47907471656799316
scratches59.jpg,dirty,0.6389849781990051
scratches70.jpg,scratches,0.7979795336723328
scratches72.jpg,scratches,0.5120292901992798
scratches23.jpg,fold,0.7125839591026306
scratches54.jpg,dirty,0.7561043500900269
scratches14.jpg,scratches,0.6572112441062927
scratches51.jpg,scratches,0.929598867893219
scratches80.jpg,scratches,0.9005503058433533
scratches21.jpg,scratches,0.5416723489761353
scratches92.jpg,scratches,0.6886073350906372
scratches17.jpg,scratches,0.5408896207809448
pinch83.jpg,scratches,0.8390159606933594
push13.jpg,scratches,0.8499131798744202
scratches87.jpg,toner,0.5378014445304871
scratches97.jpg,dirty,0.7543454170227051
scratches22.jpg,scratches,0.8988221287727356
scratches35.jpg,scratches,0.6577651500701904
scratches99.jpg,scratches,0.9726876616477966
scratches84.jpg,scratches,0.9700783491134644
scratches11.jpg,scratches,0.6388922929763794
scratches57.jpg,scratches,0.8669965863227844
scratches81.jpg,fold,0.402432382106781
scratches6.jpg,pit,0.570347785949707
scratches90.jpg,toner,0.4363378882408142
scratches9.jpg,fold,0.6260970830917358
scratches88.jpg,toner,0.49745702743530273
scratches47.jpg,scratches,0.4355795979499817
scratches25.jpg,scratches,0.9649636745452881
scratches68.jpg,scratches,0.9809858202934265
scratches60.jpg,toner,0.6842834949493408
dirty47.jpg,dirty,0.9409072995185852
dirty57.jpg,dirty,0.40557852387428284
dirty11.jpg,dirty,0.8840071558952332
dirty198.jpg,scratches,0.7043238878250122
dirty99.jpg,dirty,0.537258505821228
dirty160.jpg,dirty,0.9119907021522522
dirty151.jpg,dirty,0.8819177150726318
dirty184.jpg,dirty,0.8273313045501709
dirty203.jpg,dirty,0.8089096546173096
dirty113.jpg,pit,0.4808366596698761
dirty180.jpg,dirty,0.5556474924087524
dirty24.jpg,dirty,0.9447192549705505
dirty190.jpg,dirty,0.6733260154724121
dirty143.jpg,dirty,0.6381844878196716
dirty162.jpg,dirty,0.7145763039588928
dirty31.jpg,scratches,0.48746398091316223
dirty30.jpg,dirty,0.6749469637870789
dirty172.jpg,dirty,0.809344470500946
dirty91.jpg,dirty,0.9321175813674927
dirty60.jpg,scratches,0.772427499294281
dirty104.jpg,pit,0.46809661388397217
dirty125.jpg,toner,0.6008519530296326
dirty92.jpg,dirty,0.6269358396530151
dirty159.jpg,scratches,0.6858491897583008
dirty112.jpg,dirty,0.9289454817771912
dirty128.jpg,pit,0.4271010458469391
dirty73.jpg,dirty,0.4371078312397003
dirty44.jpg,dirty,0.9547761678695679
dirty119.jpg,dirty,0.43621307611465454
dirty107.jpg,toner,0.5331237316131592
dirty200.jpg,toner,0.5742223262786865
dirty79.jpg,dirty,0.5684399604797363
dirty98.jpg,toner,0.7584519982337952
dirty164.jpg,dirty,0.7030898332595825
dirty182.jpg,toner,0.7389658093452454
dirty146.jpg,dirty,0.6307477355003357
dirty169.jpg,dirty,0.7143078446388245
dirty77.jpg,pit,0.48914456367492676
dirty49.jpg,scratches,0.4146766662597656
dirty108.jpg,dirty,0.6400288939476013
dirty53.jpg,dirty,0.9899274706840515
dirty210.jpg,toner,0.45550552010536194
dirty9.jpg,dirty,0.7672355771064758
dirty83.jpg,dirty,0.7250102162361145
dirty149.jpg,dirty,0.9049414396286011
dirty84.jpg,dirty,0.9195196032524109
dirty168.jpg,dirty,0.9806948900222778
dirty191.jpg,dirty,0.9414172172546387
dirty29.jpg,dirty,0.9234094619750977
dirty194.jpg,toner,0.37565410137176514
dirty132.jpg,dirty,0.9433405995368958
dirty88.jpg,dirty,0.5504331588745117
dirty166.jpg,dirty,0.7436579465866089
dirty33.jpg,dirty,0.6623479723930359
dirty61.jpg,dirty,0.5879897475242615
dirty87.jpg,pit,0.4531911015510559
dirty20.jpg,dirty,0.7238372564315796
dirty152.jpg,dirty,0.5022984743118286
dirty102.jpg,dirty,0.8265549540519714
dirty156.jpg,dirty,0.9744643568992615
dirty123.jpg,toner,0.6126821041107178
dirty178.jpg,dirty,0.9387421011924744
dirty222.jpg,dirty,0.6205937266349792
dirty72.jpg,dirty,0.9853288531303406
pinch70.jpg,dirty,0.5044584274291992
dirty205.jpg,toner,0.48506689071655273
dirty27.jpg,dirty,0.67402583360672
dirty141.jpg,dirty,0.7992075681686401
dirty188.jpg,dirty,0.7979272603988647
dirty163.jpg,dirty,0.584738552570343
dirty197.jpg,scratches,0.6919898390769958
dirty187.jpg,dirty,0.9009461998939514
dirty122.jpg,dirty,0.872323215007782
dirty201.jpg,dirty,0.9536140561103821
dirty15.jpg,dirty,0.7437540888786316
dirty177.jpg,dirty,0.6250225901603699
dirty174.jpg,dirty,0.6882908940315247
dirty42.jpg,dirty,0.6909211277961731
dirty176.jpg,dirty,0.6470069289207458
dirty35.jpg,toner,0.7071094512939453
dirty75.jpg,dirty,0.8748033046722412
dirty40.jpg,dirty,0.5853145122528076
dirty214.jpg,dirty,0.6747912764549255
pit163.jpg,scratches,0.5885767936706543
dirty138.jpg,dirty,0.5466043949127197
dirty150.jpg,dirty,0.6332042813301086
dirty218.jpg,dirty,0.9015381932258606
dirty206.jpg,dirty,0.9226728081703186
dirty32.jpg,scratches,0.8277616500854492
dirty25.jpg,scratches,0.5184513330459595
dirty58.jpg,dirty,0.8911643028259277
dirty167.jpg,dirty,0.893952488899231
dirty68.jpg,dirty,0.4416423738002777
dirty202.jpg,dirty,0.9687082767486572
dirty185.jpg,dirty,0.9075705409049988
dirty105.jpg,scratches,0.642565906047821
dirty147.jpg,dirty,0.7885662317276001
dirty111.jpg,dirty,0.9273398518562317
dirty219.jpg,dirty,0.7200331687927246
dirty136.jpg,dirty,0.9044972658157349
dirty36.jpg,dirty,0.8457909822463989
dirty154.jpg,dirty,0.8778882622718811
dirty28.jpg,dirty,0.6226440072059631
dirty64.jpg,dirty,0.5898101329803467
dirty195.jpg,dirty,0.9257245063781738
dirty216.jpg,dirty,0.7588021755218506
dirty54.jpg,dirty,0.8960660099983215
dirty116.jpg,dirty,0.5694151520729065
dirty213.jpg,dirty,0.34343257546424866
dirty181.jpg,dirty,0.9714818596839905
dirty3.jpg,toner,0.6650433540344238
dirty78.jpg,dirty,0.5671188235282898
dirty90.jpg,dirty,0.4521556496620178
dirty145.jpg,scratches,0.5762823820114136
dirty117.jpg,dirty,0.6320992708206177
dirty1.jpg,scratches,0.44682902097702026
dirty106.jpg,dirty,0.9609538316726685
dirty155.jpg,dirty,0.5621234774589539
dirty115.jpg,dirty,0.725099503993988
dirty51.jpg,scratches,0.6998893618583679
dirty140.jpg,scratches,0.5137868523597717
dirty76.jpg,pit,0.517500638961792
dirty95.jpg,dirty,0.8289855718612671
dirty97.jpg,dirty,0.8740121722221375
dirty183.jpg,dirty,0.9918963313102722
dirty120.jpg,dirty,0.779805064201355
dirty63.jpg,dirty,0.9307366013526917
dirty142.jpg,dirty,0.7153287529945374
dirty5.jpg,dirty,0.4724920094013214
dirty43.jpg,dirty,0.8053218722343445
dirty124.jpg,dirty,0.7903489470481873
dirty211.jpg,dirty,0.3599601984024048
dirty186.jpg,dirty,0.708343505859375
dirty193.jpg,dirty,0.7020338177680969
dirty39.jpg,dirty,0.542557954788208
dirty101.jpg,dirty,0.540448784828186
dirty41.jpg,toner,0.6880302429199219
dirty131.jpg,dirty,0.9864619374275208
dirty69.jpg,dirty,0.7227612733840942
dirty45.jpg,scratches,0.47320911288261414
dirty221.jpg,dirty,0.9518106579780579
dirty93.jpg,dirty,0.6976017355918884
dirty209.jpg,scratches,0.3723694980144501
dirty207.jpg,scratches,0.5149822235107422
dirty23.jpg,dirty,0.8687311410903931
dirty153.jpg,toner,0.47291213274002075
pit245.jpg,scratches,0.5188362002372742
dirty135.jpg,fold,0.7052553296089172
dirty67.jpg,dirty,0.9110652804374695
dirty139.jpg,dirty,0.8894462585449219
dirty109.jpg,toner,0.8777890801429749
dirty80.jpg,dirty,0.7865320444107056
dirty215.jpg,dirty,0.9053563475608826
dirty126.jpg,dirty,0.35011425614356995
dirty196.jpg,dirty,0.533107340335846
dirty37.jpg,dirty,0.5268241167068481
dirty65.jpg,dirty,0.7704108953475952
dirty86.jpg,dirty,0.7618330717086792
dirty127.jpg,dirty,0.7812063694000244
dirty50.jpg,dirty,0.4838752746582031
dirty2.jpg,scratches,0.7680534720420837
dirty130.jpg,dirty,0.6844804286956787
dirty173.jpg,pit,0.6160961985588074
dirty7.jpg,dirty,0.5757075548171997
dirty94.jpg,dirty,0.7209740877151489
dirty133.jpg,dirty,0.8248000741004944
dirty161.jpg,toner,0.7025410532951355
dirty114.jpg,dirty,0.7207995653152466
dirty85.jpg,dirty,0.8872587084770203
dirty208.jpg,toner,0.46537113189697266
dirty8.jpg,dirty,0.5871800780296326
dirty55.jpg,dirty,0.8024645447731018
dirty12.jpg,scratches,0.659610390663147
dirty14.jpg,dirty,0.7997678518295288
dirty22.jpg,dirty,0.6503298878669739
dirty179.jpg,dirty,0.6996018886566162
dirty192.jpg,dirty,0.8781192302703857
dirty100.jpg,dirty,0.9722456336021423
dirty157.jpg,dirty,0.6157106161117554
dirty144.jpg,dirty,0.7145645022392273
dirty212.jpg,scratches,0.6246337294578552
dirty4.jpg,toner,0.6995439529418945
dirty38.jpg,dirty,0.7833611369132996
dirty204.jpg,dirty,0.9026947021484375
dirty6.jpg,dirty,0.5979780554771423
dirty71.jpg,toner,0.86548912525177
dirty16.jpg,scratches,0.5789823532104492
dirty59.jpg,dirty,0.8716126680374146
dirty103.jpg,dirty,0.5998725295066833
dirty21.jpg,dirty,0.5635951161384583
dirty70.jpg,scratches,0.650054931640625
dirty82.jpg,toner,0.5806054472923279
dirty170.jpg,dirty,0.8416430354118347
dirty10.jpg,dirty,0.4520108997821808
dirty18.jpg,dirty,0.8729286789894104
dirty121.jpg,dirty,0.8730283975601196
dirty189.jpg,dirty,0.8631548285484314
dirty165.jpg,dirty,0.42974188923835754
dirty62.jpg,toner,0.9717922806739807
dirty171.jpg,dirty,0.6864451169967651
dirty129.jpg,dirty,0.7992896437644958
dirty66.jpg,dirty,0.5243993401527405
dirty26.jpg,dirty,0.9274795055389404
dirty74.jpg,toner,0.6133064031600952
dirty19.jpg,dirty,0.7410566806793213
dirty217.jpg,dirty,0.3737388253211975
dirty56.jpg,toner,0.5461702346801758
dirty220.jpg,dirty,0.6872632503509521
dirty81.jpg,dirty,0.9009078741073608
dirty223.jpg,dirty,0.9410472512245178
dirty13.jpg,dirty,0.9253519773483276
dirty34.jpg,dirty,0.8343580961227417
dirty175.jpg,dirty,0.49770283699035645
dirty137.jpg,dirty,0.5807009339332581
dirty199.jpg,dirty,0.47133705019950867
dirty89.jpg,dirty,0.9810086488723755
dirty158.jpg,dirty,0.9046557545661926
dirty134.jpg,pit,0.6260741353034973
dirty46.jpg,dirty,0.7947977781295776
dirty118.jpg,pit,0.4021995961666107
fold38.jpg,fold,0.993644118309021
fold61.jpg,fold,0.8966096043586731
fold64.jpg,fold,0.9814080595970154
fold68.jpg,dirty,0.5480174422264099
fold24.jpg,fold,0.9883149862289429
fold11.jpg,fold,0.9385299682617188
fold48.jpg,fold,0.9660309553146362
fold22.jpg,fold,0.9841168522834778
fold25.jpg,fold,0.9469649195671082
fold4.jpg,fold,0.9284465312957764
fold46.jpg,fold,0.989513635635376
fold27.jpg,fold,0.9109391570091248
fold51.jpg,fold,0.9202387928962708
fold26.jpg,fold,0.9893351197242737
fold10.jpg,fold,0.9917118549346924
fold9.jpg,fold,0.9969544410705566
fold15.jpg,fold,0.8387499451637268
fold66.jpg,fold,0.8991849422454834
fold67.jpg,fold,0.801260232925415
fold21.jpg,fold,0.4820825159549713
fold55.jpg,fold,0.9701669812202454
fold5.jpg,fold,0.9863182306289673
fold29.jpg,fold,0.9830042123794556
fold2.jpg,fold,0.5239267945289612
fold58.jpg,fold,0.5351860523223877
fold50.jpg,fold,0.9796488881111145
fold31.jpg,fold,0.9779592752456665
fold35.jpg,fold,0.8340334892272949
fold13.jpg,fold,0.9283724427223206
fold6.jpg,fold,0.7860096096992493
fold12.jpg,fold,0.9580902457237244
fold54.jpg,fold,0.9858689308166504
fold3.jpg,fold,0.8944624662399292
fold20.jpg,fold,0.8909370303153992
fold63.jpg,fold,0.9595571756362915
fold37.jpg,scratches,0.4921441674232483
fold8.jpg,fold,0.9622045755386353
fold69.jpg,fold,0.9716145396232605
fold36.jpg,fold,0.9919231534004211
fold49.jpg,fold,0.9832704663276672
fold17.jpg,fold,0.9701181650161743
fold19.jpg,fold,0.9911465048789978
fold59.jpg,fold,0.9062658548355103
fold47.jpg,fold,0.9161103367805481
fold40.jpg,fold,0.9063733816146851
fold57.jpg,fold,0.9911521077156067
fold23.jpg,fold,0.9860193729400635
fold42.jpg,fold,0.6698140501976013
fold44.jpg,fold,0.9040767550468445
fold70.jpg,fold,0.9949047565460205
fold52.jpg,fold,0.9465083479881287
fold14.jpg,fold,0.9359826445579529
fold7.jpg,fold,0.9910502433776855
fold71.jpg,fold,0.9789577722549438
fold34.jpg,fold,0.940916895866394
fold45.jpg,fold,0.9684252738952637
fold28.jpg,fold,0.7301937341690063
fold30.jpg,fold,0.9378060102462769
fold33.jpg,fold,0.9950259327888489
fold18.jpg,fold,0.9908483028411865
fold41.jpg,fold,0.9939574003219604
fold72.jpg,fold,0.9385299682617188
fold1.jpg,fold,0.5698031187057495
fold39.jpg,fold,0.7860096096992493
fold53.jpg,fold,0.9712933301925659
fold16.jpg,fold,0.9273716807365417
fold43.jpg,fold,0.742014467716217
fold65.jpg,fold,0.951435923576355
fold32.jpg,fold,0.9736958742141724
fold56.jpg,fold,0.9944234490394592
toner188.jpg,toner,0.49964439868927
toner79.jpg,toner,0.9916354417800903
toner154.jpg,toner,0.9818515777587891
toner165.jpg,toner,0.7637500762939453
toner58.jpg,toner,0.5704758167266846
toner150.jpg,toner,0.9067908525466919
toner56.jpg,toner,0.8860862851142883
toner21.jpg,toner,0.8031491041183472
toner97.jpg,toner,0.9700628519058228
toner69.jpg,toner,0.8742223978042603
toner177.jpg,toner,0.9914996027946472
toner181.jpg,toner,0.9913623929023743
toner159.jpg,toner,0.8917283415794373
toner138.jpg,pit,0.3728909492492676
toner117.jpg,toner,0.8666183948516846
toner59.jpg,toner,0.9959564805030823
toner8.jpg,toner,0.9791454076766968
toner84.jpg,toner,0.8882325887680054
toner196.jpg,toner,0.8040648102760315
toner195.jpg,toner,0.8207850456237793
toner123.jpg,pit,0.6066514849662781
toner27.jpg,toner,0.5111191272735596
toner194.jpg,toner,0.9186824560165405
toner50.jpg,toner,0.6602336764335632
toner10.jpg,toner,0.4522268772125244
toner137.jpg,toner,0.9169346690177917
toner14.jpg,toner,0.9686084985733032
toner161.jpg,toner,0.9469083547592163
toner13.jpg,dirty,0.41925668716430664
toner1.jpg,toner,0.9924076199531555
toner68.jpg,toner,0.9844871163368225
toner160.jpg,pit,0.4334999918937683
toner170.jpg,toner,0.372114360332489
toner107.jpg,toner,0.8442302942276001
toner3.jpg,toner,0.9436526894569397
toner36.jpg,toner,0.9721377491950989
toner171.jpg,toner,0.47332531213760376
toner101.jpg,toner,0.5840374231338501
toner45.jpg,toner,0.9493213891983032
toner48.jpg,toner,0.963170051574707
toner115.jpg,toner,0.6762750744819641
toner5.jpg,toner,0.658128559589386
toner37.jpg,pit,0.49286454916000366
toner49.jpg,toner,0.6935485601425171
toner22.jpg,toner,0.975134015083313
toner92.jpg,toner,0.861881673336029
toner34.jpg,toner,0.799055814743042
toner109.jpg,pit,0.40745505690574646
toner4.jpg,toner,0.9959874749183655
toner142.jpg,toner,0.9446787238121033
toner7.jpg,dirty,0.3937775492668152
toner163.jpg,toner,0.4844357669353485
toner25.jpg,toner,0.7610986232757568
toner149.jpg,toner,0.44627392292022705
toner206.jpg,toner,0.7892206311225891
toner155.jpg,toner,0.38521698117256165
toner175.jpg,pit,0.4339570999145508
toner139.jpg,toner,0.6387680172920227
toner30.jpg,toner,0.8944578766822815
toner43.jpg,toner,0.9860133528709412
toner124.jpg,toner,0.7206933498382568
toner174.jpg,scratches,0.5314188003540039
toner126.jpg,toner,0.8155454397201538
toner61.jpg,toner,0.5352691411972046
toner167.jpg,toner,0.6136515140533447
toner18.jpg,dirty,0.5908283591270447
toner81.jpg,toner,0.9523286819458008
toner90.jpg,toner,0.9803454279899597
toner193.jpg,toner,0.8834294676780701
toner20.jpg,toner,0.8842844367027283
toner83.jpg,toner,0.6559484004974365
toner121.jpg,toner,0.9605202078819275
toner199.jpg,toner,0.9726191759109497
toner39.jpg,toner,0.983866810798645
toner168.jpg,toner,0.6580691933631897
toner186.jpg,toner,0.9740919470787048
toner52.jpg,pit,0.42082375288009644
dirty148.jpg,dirty,0.3720996677875519
toner66.jpg,toner,0.9747545719146729
toner200.jpg,toner,0.8439549207687378
toner17.jpg,scratches,0.8338972926139832
toner202.jpg,toner,0.6952700018882751
pit170.jpg,pit,0.5730457901954651
toner211.jpg,pit,0.5157716870307922
toner86.jpg,scratches,0.5243945121765137
toner87.jpg,toner,0.33701175451278687
toner82.jpg,toner,0.988837480545044
toner94.jpg,toner,0.9854997992515564
toner153.jpg,toner,0.998033344745636
toner209.jpg,toner,0.9929692149162292
toner191.jpg,toner,0.56648188829422
toner26.jpg,toner,0.9134199023246765
toner74.jpg,dirty,0.6949964165687561
toner127.jpg,toner,0.9077138900756836
toner152.jpg,toner,0.975059449672699
toner16.jpg,toner,0.6581315398216248
toner204.jpg,toner,0.6072408556938171
toner95.jpg,toner,0.8963892459869385
toner73.jpg,toner,0.9886597394943237
toner113.jpg,toner,0.9302851557731628
toner172.jpg,toner,0.6453682780265808
toner144.jpg,toner,0.6481764316558838
toner183.jpg,toner,0.9952250719070435
toner116.jpg,toner,0.502546489238739
toner140.jpg,pit,0.5157964825630188
toner213.jpg,toner,0.5672988891601562
toner57.jpg,toner,0.9329870939254761
toner75.jpg,toner,0.6785902380943298
toner205.jpg,toner,0.5696759819984436
toner67.jpg,toner,0.9225401878356934
pit665.jpg,toner,0.4492567479610443
toner89.jpg,toner,0.9951432943344116
toner111.jpg,toner,0.9100503325462341
toner23.jpg,toner,0.4352513551712036
toner147.jpg,toner,0.8188367486000061
toner54.jpg,pit,0.47075873613357544
toner179.jpg,toner,0.77064049243927
toner64.jpg,pit,0.3377402722835541
toner185.jpg,toner,0.9535044431686401
toner135.jpg,pit,0.531977653503418
toner33.jpg,toner,0.9947177767753601
toner31.jpg,toner,0.8964965343475342
toner190.jpg,toner,0.9841676354408264
toner156.jpg,toner,0.5983483195304871
toner212.jpg,toner,0.8729668259620667
toner157.jpg,toner,0.9762085676193237
toner169.jpg,toner,0.6215093731880188
toner201.jpg,toner,0.678112268447876
toner141.jpg,toner,0.7500779628753662
toner112.jpg,toner,0.9234029650688171
toner103.jpg,toner,0.91446852684021
toner184.jpg,dirty,0.7707874178886414
toner189.jpg,toner,0.7517135739326477
toner85.jpg,toner,0.9928076267242432
toner203.jpg,toner,0.9279987215995789
toner93.jpg,scratches,0.7347756624221802
toner9.jpg,pit,0.5151175260543823
toner122.jpg,scratches,0.6638888716697693
toner40.jpg,toner,0.909713089466095
toner100.jpg,toner,0.5963536500930786
toner11.jpg,toner,0.523325502872467
toner53.jpg,dirty,0.31508633494377136
toner102.jpg,toner,0.48176848888397217
toner77.jpg,toner,0.7105372548103333
toner29.jpg,pit,0.7099632024765015
toner133.jpg,toner,0.6576176881790161
toner106.jpg,toner,0.5468747615814209
toner173.jpg,pit,0.5011258125305176
toner44.jpg,toner,0.9243555665016174
toner148.jpg,toner,0.9950863718986511
toner42.jpg,toner,0.9889652729034424
toner2.jpg,toner,0.5352123379707336
toner71.jpg,toner,0.9893989562988281
toner130.jpg,toner,0.8530113101005554
toner197.jpg,toner,0.8756780028343201
toner143.jpg,toner,0.6420836448669434
toner12.jpg,toner,0.8741356730461121
toner47.jpg,toner,0.9847074747085571
toner62.jpg,toner,0.9129593968391418
toner32.jpg,toner,0.7890459895133972
pit591.jpg,toner,0.6804843544960022
toner65.jpg,toner,0.5087990760803223
toner104.jpg,pit,0.47324007749557495
toner119.jpg,toner,0.6571669578552246
toner60.jpg,toner,0.9821579456329346
toner99.jpg,scratches,0.5681790709495544
toner76.jpg,toner,0.8894647359848022
toner24.jpg,toner,0.8321809768676758
toner128.jpg,toner,0.8884351253509521
toner98.jpg,toner,0.9841947555541992
toner136.jpg,toner,0.967003345489502
toner192.jpg,toner,0.9680666327476501
toner38.jpg,toner,0.9617514610290527
toner129.jpg,toner,0.9936646223068237
toner125.jpg,scratches,0.7393391728401184
toner35.jpg,toner,0.735605001449585
toner70.jpg,toner,0.5538973212242126
toner46.jpg,toner,0.9330399632453918
toner120.jpg,toner,0.9983623623847961
toner210.jpg,toner,0.8626059889793396
toner132.jpg,toner,0.9878215193748474
toner55.jpg,toner,0.9883413910865784
toner178.jpg,toner,0.9811780452728271
toner187.jpg,toner,0.6841812133789062
toner41.jpg,toner,0.9857400059700012
toner28.jpg,toner,0.407961368560791
toner164.jpg,toner,0.6807572245597839
toner207.jpg,toner,0.9469261765480042
toner110.jpg,toner,0.49117109179496765
toner80.jpg,toner,0.7544155716896057
toner134.jpg,toner,0.9927964806556702
toner151.jpg,toner,0.9342206120491028
toner15.jpg,pit,0.8182032108306885
toner6.jpg,toner,0.9895210266113281
toner72.jpg,toner,0.9760670065879822
toner176.jpg,toner,0.9669156074523926
toner208.jpg,toner,0.9765584468841553
toner108.jpg,toner,0.5855990648269653
toner180.jpg,toner,0.9198892712593079
toner145.jpg,toner,0.8490279316902161
toner96.jpg,toner,0.9496004581451416
dirty52.jpg,toner,0.6038228869438171
toner158.jpg,toner,0.8689192533493042
toner19.jpg,toner,0.7814592719078064
toner63.jpg,toner,0.5792115330696106
toner105.jpg,scratches,0.5095018148422241
toner198.jpg,toner,0.48930296301841736
toner118.jpg,pit,0.4609875977039337
toner146.jpg,toner,0.9542553424835205
toner166.jpg,toner,0.5495477318763733
toner91.jpg,toner,0.6822138428688049
toner162.jpg,toner,0.9746614694595337
toner114.jpg,toner,0.9981867671012878
scratches20.jpg,toner,0.6437592506408691
toner88.jpg,dirty,0.3666054904460907
toner182.jpg,toner,0.9961199760437012
toner214.jpg,toner,0.8601797819137573
toner78.jpg,pit,0.5063933730125427
toner131.jpg,toner,0.7272894978523254
